,epoch,train_loss,val_loss
0,0,0.005808311143730809,0.005108208553951638
1,1,0.004947290020840613,0.004814534732853082
2,2,0.004582932611126876,0.004505924092867595
