,epoch,train_loss,val_loss
0,0,0.19646892142028136,0.18867994264870105
