,epoch,train_loss,val_loss
0,0,96.30128399992827,22.02678957977332
